abdomen;Abdomen
ability;Ability
action;Action
actor;Actor
adult;Adult
age;Age
agreement;Agreement
air;Atmosphere of Earth
airport;Airport
alcohol;Alcohol
alley;Alley
aluminum;Aluminium
anchor;Anchor
anger;Anger
angle;Angle
animal;Animal
ankle;Ankle
ant;Ant
apartment;Apartment
apple;Apple
appliance;Appliance
argument;Argument
arithmetic;Arithmetic
arm;Arm
army;United States Army
arrow;Arrow
article;Article
atmosphere;Atmosphere
atom;Atom
aunt;Aunt
awareness;Awareness
baby;Infant
bacon;Bacon
bag;Bag
balloon;Balloon
band;Band
banker;Bank
barn;Barn
baseball;Baseball
basket;Basket
bath;Ba'ath Party
bean;Bean
bed;Bed
bedroom;Bedroom
bee;Bee
beef;Beef
belief;Belief
bell;Bell
belt;Belt
bench;Bench
beverage;Drink
bible;Bible
bicycle;Bicycle
biology;Biology
bishop;Bishop
blade;Blade
blanket;Blanket
boat;Boat
body;Body
bone;Bone
booth;Booth
border;Border
bottle;Bottle
bowl;Bowl
boy;Boy
brain;Brain
brandy;Brandy
bread;Bread
breakfast;Breakfast
brick;Brick
bride;Wedding ceremony participants
bridge;Bridge
brother;Sibling
buddy;Buddy
bulb;Bulb
bull;Bull
bunch;BUNCH
burial;Burial
bus;Bus
bush;George W. Bush
business;Business
button;Button
cab;Cab
cabin;Cabin
cage;Cage
calendar;Calendar
camera;Camera
candidate;Candidate
candy;Candy
cannon;Cannon
capability;Capability
capital;Capital
car;Automobile
carbon;Carbon
cardboard;Cardboard
carpet;Carpet
carriage;Carriage
cat;Cat
catastrophe;Catastrophe
cathedral;Cathedral
cattle;Cattle
ceiling;Ceiling
cell;Cell (microprocessor)
cellar;Cellar
cent;The Black Hole
century;Century
ceremony;Ceremony
chair;Chair
champagne;Champagne
chaos;Chaos
chapel;Chapel
chapter;Chapters
cheese;Cheese
chest;Chest
chicken;Chicken
child;Child
choice;Choice
choir;Choir
cigar;Cigar
cigarette;Cigarette
class;Class (file format)
cliff;Cliff
closet;Closet
cloth;Textile
clue;Clue
coal;Coal
coast;Coast
coat;Coat
cocktail;Cocktail
coffee;Coffee
colonel;Colonel
colt;Colt
companion;Companion
company;Company
competence;Competence
computer;Computer
concept;Concept
condition;Condition
cone;Cone
confession;Confession
confidence;Confidence
confusion;Mental confusion
conquest;Conquest
construction;Construction
container;Container
conversation;Conversation
cord;Cord
corner;Corner
corridor;Corridor
costume;Costume
cotton;Cotton
couch;Couch
course;Course
cradle;Cradle
creator;Creator
crib;Crib
criticism;Criticism
crowd;Crowd
crystal;Crystal
cup;CUPS
curtain;Curtain
date;List of Codename: Kids Next Door episodes
daughter;Daughter
dawn;Dawn
day;Day
decade;Decade
deck;Deck
decoration;Decoration
definition;Definition
demon;Demon
dentist;Dentistry
devil;Devil
diamond;Diamond
dictionary;Dictionary
difficulty;Difficulty
dinner;Dinner
dirt;Dirt
disease;Disease
doctor;Doctor
door;Door
doorway;Doorway
drawer;Drawer
drum;Drum
dusk;Dusk
elbow;Elbow
elevator;Elevator
emergency;Emergency
emotion;Emotion
employee;Employment
employer;Employment
endurance;Endurance
engagement;Engagement
engine;Engine
equation;Equation
essay;Essay
evening;Evening
eye;Eye
fabric;Textile
fact;Fact
factory;Factory
fame;Fame
fantasy;Fantasy
fashion;Fashion
father;Father
fence;Fence
fever;Fever
fiction;Fiction
film;Film
finger;Finger
flesh;Flesh
flight;Flight
floor;Floor
flour;Flour
flower;Flower
fog;Fog
foot;Foot
football;Football
fox;Fox Broadcasting Company
fraternity;Fraternity
fraud;Fraud
fun;Recreation
fur;Fur
furniture;Furniture
fury;Fury
garden;Garden
gate;Gate
gauge;Gauge
gentleman;Gentleman
gin;Gin
girl;Girl
globe;Globe
glove;Glove
goal;Goal
goat;Goat
god;God
grade;Grade
grass;Grass
grief;Grief
guardian;Guardian
guest;Guest
gun;Gun
guy;Guy
hall;Hall
hallway;Hall
hand;Hand
harm;HARM
hat;Hat
hawk;Hawk
haze;Haze
head;Head
helium;Helium
helper;H.E.L.P.eR.
hen;Hen
herb;Herb
hero;Hero
highway;Highway
honey;Honey
horn;Horn
horse;Horse
hose;Hose (tubing)
hospital;Hospital
hostility;Hostility
hotel;Hotel
hurricane;Tropical cyclone
husband;Husband
hut;Hut
hymn;Hymn
ice;Ice
idea;Idea
illness;Illness
illusion;Illusion
image;Image
impression;Impression
inch;Inch
income;Income
industry;Industry
infection;Infection
information;Information
inn;Inn
insight;Insight
instructor;Instructor
instrument;Instrument
intelligence;Intelligence
interest;Interest
intuition;Intuition
iron;Iron
island;Island
jacket;Jacket
jail;Prison
jar;Jar
jaw;Jaw
jet;Joint European Torus
job;Book of Job
journal;Journal
juice;Juice
justice;Justice
key;Key
kid;Nashim
king;King
kitchen;Kitchen
knee;Knee
knife;Knife
lamb;Lamb
language;Language
law;Law
lawyer;Lawyer
ledge;Ledge
leg;Leg
legion;Legion
lemon;Lemon
lion;Lion
lip;Lip
liquor;Distilled beverage
literature;Literature
liver;Liver
log;Data logger
logic;Logic
luck;Luck
lunch;Lunch
lung;Lung
magnitude;Magnitude
maid;Maid
maker;Maker's Mark
man;Man
management;Management
manager;Manager
manner;Manner
maple;Maple
mare;Mare
marrow;Marrow
mayor;Mayor
meal;Meal
meat;Meat
mechanic;Mechanic
melody;Melody
metal;Metal
might;Might
minister;Minister
mink;Mink
minute;Minute
misery;Misery
mist;Mist
monk;Monk
month;Month
mood;Mood
morning;Morning
moss;Moss
mother;Mother
mouse;Mouse
mouth;Mouth
movement;Movement
muscle;Muscle
mustard;Mustard
nail;Nail
neck;Neck
nephew;Nephew and niece
nerve;Nerve
news;News
newspaper;Newspaper
noise;Noise
north;North
nose;Nose
ocean;Ocean
opinion;Opinion
opponent;Adversary
orchestra;Orchestra
order;Order
organ;Organ
orthodontist;Orthodontics
ox;Ox
page;SDS-PAGE
pair;Pair
palm;Palm
paper;Paper
parade;Parade
paragraph;Paragraph
parent;Parent
partner;Partner
party;Party
passion;Passion
payment;Payment
peace;Peace
pearl;Pearl
people;People
perception;Perception
person;Person
pet;Pet
pie;Pie
pilot;Pilot
planet;Planet
plenty;Plenty
potato;Potato
poverty;Poverty
presence;Presence
president;President
prestige;Prestige (sociology)
prey;Predation
pride;Pride Fighting Championships
priest;Priest
princess;Princess
profession;Profession
professor;Professor
psychology;Psychology
pupil;Pupil
queen;Queen (band)
quest;Quest
rabbi;Rabbi
rabbit;Rabbit
rain;Rain
rattle;Rattle
reader;Reader
reef;Reef
region;Regions of France
rhythm;Rhythm
rice;Rice
safety;Safety
sailor;Sailor
saint;Saint
salad;Salad
salary;Salary
salt;Salt
sandwich;Sandwich
sauce;Sauce
scheme;Scheme
scientist;Scientist
sea;Sea
seashore;Seashore
season;Season
secretary;Secretary
self;Self
sentry;Sentry
shame;Shame
sheriff;Sheriff
shoulder;Shoulder
sickness;Sickness
side;Side
singer;Singing
situation;Situation
size;Size
skill;Skill
sky;Sky
society;Society
soldier;Soldier
son;Son
song;Song
soul;Soul
soup;Soup
spine;Spine
spirit;Spirit
squad;Squad
state;State
steak;Steak
stomach;Stomach
storm;Storm
story;Story
straw;Straw
stream;Stream
strength;Strength
stud;Stud
style;Style Network
suds;Suds
summer;Summer
sunrise;Sunrise
sunshine;Sunlight
supper;Supper
surgery;Surgery
swamp;Swamp
symbol;Symbol
tail;Tail
task;Task
tea;Tea
teacher;Teacher
tear;Tear
teeth;Tooth (human)
television;Television
temper;Temper
text;Text file
theft;Theft
theme;Theme
theory;Theory
threat;Threat
throat;Throat
timber;Lumber
tongue;Tongue
tooth;Tooth (human)
top;Top
topic;Topic
tragedy;Tragedy
trick;Trick
trip;Agreement on Trade-Related Aspects of Intellectual Property Rights
triumph;Triumph
turkey;Turkey
uncle;Uncle
universe;Universe
valley;Valley
vein;Vein
verdict;Verdict
victor;Victor
vinegar;Vinegar
violation;Violation
violet;Violet
waist;Waist
warrior;Warrior
weather;Weather
week;Week
west;West
wheat;Wheat
whiskey;Whisky
wife;Wife
window;Microsoft Windows
wine;Wine
winner;Winners
woman;Woman
word;Word
wrist;Wrist
writer;Writer
yard;Yard
year;Year
zone;Zone
absence;Absenteeism
abundance;Abundance
accident;Accident
activity;Activity
actress;Actor
administration;Administration
adversary;Adversary
aggression;Aggression
agony;Agony
aisle;Aisle
anarchy;Anarchy
anatomy;Anatomy
appointment;Appointment
archbishop;Archbishop
area;Area
assignment;Assignment
attention;Attention
attitude;Attitude
attorney;Attorney
august;August
author;Author
aviation;Aviation
ball;Ball
ballad;Ballad
bar;M1918 Browning Automatic Rifle
basketball;Basketball
bathroom;Bathroom
battle;Battle
beach;Beach
beast;Beast
beauty;Beauty
beer;Beer
belly;Belly
bias;Bias
biography;Biography
bird;Bird
birthday;Birthday
blood;Blood
book;Book
bottom;Bottom
boundary;Boundary
box;Box
brow;Brow
bubble;Bubble
butter;Butter
calf;Calf
camp;CAMP
cancer;Cancer
canyon;Canyon
captain;Captain
card;Card
celebration;Celebration
cereal;Cereal
champion;Champion
charcoal;Charcoal
cheek;Cheek
chemistry;Chemistry
chief;Chief
chocolate;Chocolate
church;Church
circumstance;Circumstance
classroom;Classroom
clothes;Clothing
cloud;Cloud
club;Club
code;Code
college;College
comfort;Comfort
communication;Communication
composer;Composer
cop;Community of practice
corporation;Corporation
cottage;Cottage
couple;Couple
cousin;Cousin
cow;Cattle
crime;Crime
curve;Curve
dad;Father
danger;Danger
death;Death
denial;Denial
depth;Depth
despair;Despair
destruction;Destruction
diet;Diet
disc;Disc
discussion;Conversation
dog;Dog
dollar;Dollar
driver;Driver
drizzle;Drizzle
effort;Energy
elegance;Elegance
era;Earned run average
exit;Exit
fee;Fee
flu;Influenza
formula;Formula
friend;Friendship
frustration;Frustration
game;Game
glass;Glass
gossip;Gossip
groom;Groom
guitar;Guitar
gut;Gut (disambiguation)
happiness;Happiness
heart;Heart
heroine;Hero
hill;Hill
hip;Hip
hole;Hole
home;Home
hound;Hound
house;House
hysteria;Hysteria
ignorance;Ignorance
insect;Insect
journey;Journey
joy;Joy
kidney;Kidney
lady;Lady
lake;Lake
leader;Leadership
lens;Lens
letter;Letter
limb;Limb
linen;Linen
loop;Loop
lover;Intimate relationship
machine;Machine
marijuana;Cannabis (drug)
medium;Medium
men;Man
menu;Menu
meter;Metre
milk;Milk
mob;Organizational studies
molecule;Molecule
money;Money
monster;Monster
moon;Moon
motel;Motel
motor;Motor
mountain;Mountain
movie;Film
mud;MUD
music;Music
navy;United States Navy
night;Night
nurse;Nurse
oak;Oak
oil;Oil
pact;Pact
pain;Pain
phrase;Phrase
physician;Physician
pipe;Pipeline (Unix)
plane;Plane
plate;Plate
politician;Politician
pollution;Pollution
polyester;Polyester
population;Population
pot;Pottery
prince;Prince
proof;Proof
purse;Purse
racket;Racket
rail;Rail
rat;Rat
ray;Ray
reality;Reality
reflection;Reflection
river;River
rod;Rod
roof;Roof
room;Room
root;Root
school;School
science;Science
second;Second
seed;Seed
sense;Sense
sheep;Domestic sheep
shelter;Shelter
shore;Shore
sinner;Sinner
snow;Snow
sofa;Sofa
sorrow;Sorrow
south;Southern United States
spoon;Spoon
steeple;Steeple
street;Street
student;Student
sugar;Sugar
sun;Sun
sunset;Sunset
sweater;Sweater
target;Target Corporation
tax;Tax
taxi;Taxi
telephone;Telephone
tin;Tin
tobacco;Tobacco
toe;Toe
tower;Tower
tree;Tree
trial;Trial (law)
value;Value
vehicle;Vehicle
vessel;Vessel
victory;Victory
violin;Violin
vision;Vision
vitamin;Vitamin
wagon;Wagon
wall;Wall
water;Water
way;Way
wealth;Wealth
weekend;Workweek
winter;Winter
wire;Wire
wisdom;Wisdom
wood;Wood
worker;Laborer
world;World
